Latin name,Taxonomic superclass,Taxonomic class,Taxonomic order,Taxonomic family,Genus
Morone saxatilis,Osteichthyes,Actinopterygii,Perciformes,Moronidae,Morone
Oncorhynchus mykiss,Osteichthyes,Actinopterygii,Salmoniformes,Salmonidae,Oncorhynchus
Trachinotus carolinus,Osteichthyes,Actinopterygii,Perciformes,Carangidae,Trachinotus
Pimephales promelas,Osteichthyes,Actinopterygii,Cypriniformes,Cyprinidae,Pimephales
Ictalurus punctatus,Osteichthyes,Actinopterygii,Siluriformes,Ictaluridae,Ictalurus
Chanos chanos,Osteichthyes,Actinopterygii,Gonorhynchiformes,Chanidae,Chanos
Tilapia nilotica,Osteichthyes,Actinopterygii,Perciformes,Cichlidae,Tilapia
Oreochromis niloticus,Osteichthyes,Actinopterygii,Perciformes,Cichlidae,Oreochromis
Roccus saxatilis,Osteichthyes,Actinopterygii,Perciformes,Moronidae,Roccus
Lepomis macrochirus,Osteichthyes,Actinopterygii,Perciformes,Centrarchidae,Lepomis
Menidia menidia,Osteichthyes,Actinopterygii,Atheriniformes,Atherinidae,Menidia
Salvelinus namaycush,Osteichthyes,Actinopterygii,Salmoniformes,Salmonidae,Salvelinus
Micropterus dolomieu,Osteichthyes,Actinopterygii,Perciformes,Centrarchidae,Micropterus
Micropterus salmoides,Osteichthyes,Actinopterygii,Perciformes,Centrarchidae,Micropterus
Lepomis cyanellus,Osteichthyes,Actinopterygii,Perciformes,Centrarchidae,Lepomis
Salmo salar,Osteichthyes,Actinopterygii,Salmoniformes,Salmonidae,Salmo
Ictalurus melas,Osteichthyes,Actinopterygii,Siluriformes,Ictaluridae,Ictalurus
Anguilla rostrata,Osteichthyes,Actinopterygii,Anguilliformes,Anguillidae,Anguilla
Carassius auratus,Osteichthyes,Actinopterygii,Cypriniformes,Cyprinidae,Carassius
Leuciscus idus melanotus,Osteichthyes,Actinopterygii,Cypriniformes,Cyprinidae,Leuciscus
Tanichthys albonubes,Osteichthyes,Actinopterygii,Cypriniformes,Cyprinidae,Tanichthys
Gambusia affinis,Osteichthyes,Actinopterygii,Cyprinodontiformes,Poeciliidae,Gambusia
Platichthys flesus,Osteichthyes,Actinopterygii,Pleuronectiformes,Pleuronectidae,Platichthys
Oncorhynchus tshawytscha,Osteichthyes,Actinopterygii,Salmoniformes,Salmonidae,Oncorhynchus
Oncorhynchus kisutch,Osteichthyes,Actinopterygii,Salmoniformes,Salmonidae,Oncorhynchus
Oryzias latipes,Osteichthyes,Actinopterygii,Beloniformes,Adrianichthyidae,Oryzias
Ameiurus melas,Osteichthyes,Actinopterygii,Siluriformes,Ictaluridae,Ameiurus
Leuciscus idus,Osteichthyes,Actinopterygii,Cypriniformes,Cyprinidae,Leuciscus
Danio rerio,Osteichthyes,Actinopterygii,Cypriniformes,Cyprinidae,Danio
Salvelinus fontinalis,Osteichthyes,Actinopterygii,Salmoniformes,Salmonidae,Salvelinus
Salmo trutta,Osteichthyes,Actinopterygii,Salmoniformes,Salmonidae,Salmo
Anguilla japonica,Osteichthyes,Actinopterygii,Anguilliformes,Anguillidae,Anguilla
Sphoeroides annulatus,Osteichthyes,Actinopterygii,Tetraodontiformes,Tetraodontidae,Sphoeroides
Oreochromis mossambicus,Osteichthyes,Actinopterygii,Perciformes,Cichlidae,Oreochromis
Gambusia holbrooki,Osteichthyes,Actinopterygii,Cyprinodontiformes,Poeciliidae,Gambusia
Poecilia reticulata,Osteichthyes,Actinopterygii,Cyprinodontiformes,Poeciliidae,Poecilia
Oryzias melastigma,Osteichthyes,Actinopterygii,Beloniformes,Adrianichthyidae,Oryzias
Pomatoschistus minutus,Osteichthyes,Actinopterygii,Perciformes,Gobiidae,Pomatoschistus
Rasbora heteromorpha,Osteichthyes,Actinopterygii,Cypriniformes,Cyprinidae,Rasbora
Cyprinus carpio,Osteichthyes,Actinopterygii,Cypriniformes,Cyprinidae,Cyprinus
Heteropneustes fossilis,Osteichthyes,Actinopterygii,Siluriformes,Heteropneustidae,Heteropneustes
Carassius carassius,Osteichthyes,Actinopterygii,Cypriniformes,Cyprinidae,Carassius
Perca sp,Osteichthyes,Actinopterygii,Perciformes,Percidae,Perca
Ictalurus sp,Osteichthyes,Actinopterygii,Siluriformes,Ictaluridae,Ictalurus
Gila cypha,Osteichthyes,Actinopterygii,Cypriniformes,Cyprinidae,Gila
Ptychocheilus oregonensis,Osteichthyes,Actinopterygii,Cypriniformes,Cyprinidae,Ptychocheilus
Ptychocheilus lucius,Osteichthyes,Actinopterygii,Cypriniformes,Cyprinidae,Ptychocheilus
Cyprinodon variegatus,Osteichthyes,Actinopterygii,Cyprinodontiformes,Cyprinodontidae,Cyprinodon
Channa punctatus,Osteichthyes,Actinopterygii,Perciformes,Channidae,Channa
Channa punctata,Osteichthyes,Actinopterygii,Perciformes,Channidae,Channa
Tilapia sp,Osteichthyes,Actinopterygii,Perciformes,Cichlidae,Tilapia
Oncorhynchus clarkii,Osteichthyes,Actinopterygii,Salmoniformes,Salmonidae,Oncorhynchus
Pomoxis nigromaculatus,Osteichthyes,Actinopterygii,Perciformes,Centrarchidae,Pomoxis
Notropis blennius,Osteichthyes,Actinopterygii,Cypriniformes,Cyprinidae,Notropis
Lepomis microlophus,Osteichthyes,Actinopterygii,Perciformes,Centrarchidae,Lepomis
Lagodon rhomboides,Osteichthyes,Actinopterygii,Perciformes,Sparidae,Lagodon
Mugil cephalus,Osteichthyes,Actinopterygii,Mugiliformes,Mugilidae,Mugil
Fundulus similis,Osteichthyes,Actinopterygii,Cyprinodontiformes,Cyprinodontidae,Fundulus
Fundulus majalis,Osteichthyes,Actinopterygii,Cyprinodontiformes,Cyprinodontidae,Fundulus
Thalassoma bifasciatum,Osteichthyes,Actinopterygii,Perciformes,Labridae,Thalassoma
Fundulus heteroclitus,Osteichthyes,Actinopterygii,Cyprinodontiformes,Cyprinodontidae,Fundulus
Tilapia zillii,Osteichthyes,Actinopterygii,Perciformes,Cichlidae,Tilapia
Notemigonus crysoleucas,Osteichthyes,Actinopterygii,Cypriniformes,Cyprinidae,Notemigonus
Channa striata,Osteichthyes,Actinopterygii,Perciformes,Channidae,Channa
Misgurnus anguillicaudatus,Osteichthyes,Actinopterygii,Cypriniformes,Cobitidae,Misgurnus
Aplocheilus lineatus,Osteichthyes,Actinopterygii,Cyprinodontiformes,Cyprinodontidae,Aplocheilus
Macropodus cupanus,Osteichthyes,Actinopterygii,Perciformes,Anabantidae,Macropodus
Esox lucius,Osteichthyes,Actinopterygii,Esociformes,Esocidae,Esox
Stizostedion vitreum,Osteichthyes,Actinopterygii,Perciformes,Percidae,Stizostedion
Perca flavescens,Osteichthyes,Actinopterygii,Perciformes,Percidae,Perca
Salvelinus sp,Osteichthyes,Actinopterygii,Salmoniformes,Salmonidae,Salvelinus
Tinca tinca,Osteichthyes,Actinopterygii,Cypriniformes,Cyprinidae,Tinca
Carassius sp,Osteichthyes,Actinopterygii,Cypriniformes,Cyprinidae,Carassius
Clarias batrachus,Osteichthyes,Actinopterygii,Siluriformes,Clariidae,Clarias
Cirrhinus mrigala,Osteichthyes,Actinopterygii,Cypriniformes,Cyprinidae,Cirrhinus
Labeo rohita,Osteichthyes,Actinopterygii,Cypriniformes,Cyprinidae,Labeo
Gibelion catla,Osteichthyes,Actinopterygii,Cypriniformes,Cyprinidae,Gibelion
Alburnus alburnus,Osteichthyes,Actinopterygii,Cypriniformes,Cyprinidae,Alburnus
Therapon jarbua,Osteichthyes,Actinopterygii,Perciformes,Terapontidae,Therapon
Rhodeus sericeus,,Actinopterygii,Cypriniformes,Cyprinidae,Rhodeus
Leucaspius delineatus,Osteichthyes,Actinopterygii,Cypriniformes,Cyprinidae,Leucaspius
Lepomis gibbosus,Osteichthyes,Actinopterygii,Perciformes,Centrarchidae,Lepomis
Lepomis megalotis,Osteichthyes,Actinopterygii,Perciformes,Centrarchidae,Lepomis
Aplodinotus grunniens,Osteichthyes,Actinopterygii,Perciformes,Sciaenidae,Aplodinotus
Culaea inconstans,Osteichthyes,Actinopterygii,Gasterosteiformes,Gasterosteidae,Culaea
Phoxinus eos,Osteichthyes,Actinopterygii,Cypriniformes,Cyprinidae,Phoxinus
Sander vitreus,Osteichthyes,Actinopterygii,Perciformes,Percidae,Sander
Liza macrolepis,Osteichthyes,Actinopterygii,Mugiliformes,Mugilidae,Liza
Kuhlia sandvicensis,Osteichthyes,Actinopterygii,Perciformes,Kuhliidae,Kuhlia
Tilapia mossambica,Osteichthyes,Actinopterygii,Perciformes,Cichlidae,Tilapia
Colisa fasciata,Osteichthyes,Actinopterygii,Perciformes,Osphronemidae,Colisa
Tilapia spilurus,Osteichthyes,Actinopterygii,Perciformes,Cichlidae,Tilapia
Pleuronectes platessa,Osteichthyes,Actinopterygii,Pleuronectiformes,Pleuronectidae,Pleuronectes
Barbus dorsalis,Osteichthyes,Actinopterygii,Cypriniformes,Cyprinidae,Barbus
Notopterus notopterus,Osteichthyes,Actinopterygii,Osteoglossiformes,Notopteridae,Notopterus
Catostomus commersoni,Osteichthyes,Actinopterygii,Cypriniformes,Catostomidae,Catostomus
Menidia beryllina,Osteichthyes,Actinopterygii,Atheriniformes,Atherinidae,Menidia
Atherinops affinis,Osteichthyes,Actinopterygii,Atheriniformes,Atherinidae,Atherinops
Leiostomus xanthurus,Osteichthyes,Actinopterygii,Perciformes,Sciaenidae,Leiostomus
Anguilla anguilla,Osteichthyes,Actinopterygii,Anguilliformes,Anguillidae,Anguilla
Cichlasoma urophthalmus,Osteichthyes,Actinopterygii,Perciformes,Cichlidae,Cichlasoma
Perca fluviatilis,Osteichthyes,Actinopterygii,Perciformes,Percidae,Perca
Oncorhynchus salar,Osteichthyes,Actinopterygii,Salmoniformes,Salmonidae,Oncorhynchus
Oncorhynchus trutta,Osteichthyes,Actinopterygii,Salmoniformes,Salmonidae,Oncorhynchus
Barbus gonionotus,Osteichthyes,Actinopterygii,Cypriniformes,Cyprinidae,Barbus
Acheilognathus moriokae,Osteichthyes,Actinopterygii,Cypriniformes,Cyprinidae,Acheilognathus
Tilapia leucosticta,Osteichthyes,Actinopterygii,Perciformes,Cichlidae,Tilapia
Tilapia rendalli,Osteichthyes,Actinopterygii,Perciformes,Cichlidae,Tilapia
Poecilia sp,Osteichthyes,Actinopterygii,Cyprinodontiformes,Poeciliidae,Poecilia
Brevoortia patronus,Osteichthyes,Actinopterygii,Clupeiformes,Clupeidae,Brevoortia
Centropomus undecimalis,Osteichthyes,Actinopterygii,Perciformes,Centropomidae,Centropomus
Cynoscion nebulosus,Osteichthyes,Actinopterygii,Perciformes,Sciaenidae,Cynoscion
Gasterosteus aculeatus,Osteichthyes,Actinopterygii,Gasterosteiformes,Gasterosteidae,Gasterosteus
Notropis ludibundis,Osteichthyes,Actinopterygii,Cypriniformes,Cyprinidae,Notropis
Gambusia sp,Osteichthyes,Actinopterygii,Cyprinodontiformes,Poeciliidae,Gambusia
Lepidocephalichthys thermalis,Osteichthyes,Actinopterygii,Cypriniformes,Cobitidae,Lepidocephalichthys
Tilapia aurea,Osteichthyes,Actinopterygii,Perciformes,Cichlidae,Tilapia
Labeo fimbriatus,Osteichthyes,Actinopterygii,Cypriniformes,Cyprinidae,Labeo
Etheostoma caeruleum,Osteichthyes,Actinopterygii,Perciformes,Percidae,Etheostoma
Rutilus rutilus,Osteichthyes,Actinopterygii,Cypriniformes,Cyprinidae,Rutilus
Gobiocypris rarus,Osteichthyes,Actinopterygii,Cypriniformes,Cyprinidae,Gobiocypris
Pelteobagrus fulvidraco,Osteichthyes,Actinopterygii,Siluriformes,Bagridae,Pelteobagrus
Hypophthalmichthys molitrix,Osteichthyes,Actinopterygii,Cypriniformes,Cyprinidae,Hypophthalmichthys
Mystus vittatus,Osteichthyes,Actinopterygii,Siluriformes,Bagridae,Mystus
Anabas testudineus,Osteichthyes,Actinopterygii,Perciformes,Anabantidae,Anabas
Barbus ticto,Osteichthyes,Actinopterygii,Cypriniformes,Cyprinidae,Barbus
Tilapia galilaea,Osteichthyes,Actinopterygii,Perciformes,Cichlidae,Tilapia
Anabas scandens,Osteichthyes,Actinopterygii,Perciformes,Anabantidae,Anabas
Barbus sophore,Osteichthyes,Actinopterygii,Cypriniformes,Cyprinidae,Barbus
Puntius sophore,Osteichthyes,Actinopterygii,Cypriniformes,Cyprinidae,Puntius
Phoxinus phoxinus,Osteichthyes,Actinopterygii,Cypriniformes,Cyprinidae,Phoxinus
Gobio gobio,Osteichthyes,Actinopterygii,Perciformes,Gobiidae,Gobio
Paracheirodon axelrodi,Osteichthyes,Actinopterygii,Characiformes,Characidae,Paracheirodon
Colisa lalia,Osteichthyes,Actinopterygii,Perciformes,Osphronemidae,Colisa
Garra gotyla ssp gotyla,Osteichthyes,Actinopterygii,Cypriniformes,Cyprinidae,Garra
Macropodus opercularis,Osteichthyes,Actinopterygii,Perciformes,Anabantidae,Macropodus
Mugil saliens,Osteichthyes,Actinopterygii,Mugiliformes,Mugilidae,Mugil
Hypophthalmichthys nobilis,Osteichthyes,Actinopterygii,Cypriniformes,Cyprinidae,Hypophthalmichthys
Rivulus marmoratus,Osteichthyes,Actinopterygii,Cyprinodontiformes,Aplocheilidae,Rivulus
Jordanella floridae,Osteichthyes,Actinopterygii,Cyprinodontiformes,Cyprinodontidae,Jordanella
Clarias gariepinus,Osteichthyes,Actinopterygii,Siluriformes,Clariidae,Clarias
Prochilodus lineatus,Osteichthyes,Actinopterygii,Characiformes,Curimatidae,Prochilodus
Salvelinus alpinus,Osteichthyes,Actinopterygii,Salmoniformes,Salmonidae,Salvelinus
Mystus keletius,Osteichthyes,Actinopterygii,Siluriformes,Bagridae,Mystus
Catla catla,Osteichthyes,Actinopterygii,Cypriniformes,Cyprinidae,Catla
Barbus conchonius,Osteichthyes,Actinopterygii,Cypriniformes,Cyprinidae,Barbus
Channa orientalis,Osteichthyes,Actinopterygii,Perciformes,Channidae,Channa
Pomatoschistus microps,Osteichthyes,Actinopterygii,Perciformes,Gobiidae,Pomatoschistus
Agonus cataphractus,Osteichthyes,Actinopterygii,Scorpaeniformes,Agonidae,Agonus
Poecilia latipinna,Osteichthyes,Actinopterygii,Cyprinodontiformes,Poeciliidae,Poecilia
Notropis atherinoides,Osteichthyes,Actinopterygii,Cypriniformes,Cyprinidae,Notropis
Lampetra tridentata,,Cephalaspidomorphi,Petromyzontiformes,Petromyzontidae,Lampetra
Abramis brama,Osteichthyes,Actinopterygii,Cypriniformes,Cyprinidae,Abramis
Barilius bendelisis,Osteichthyes,Actinopterygii,Cypriniformes,Cyprinidae,Barilius
Syngnathus fuscus,Osteichthyes,Actinopterygii,Gasterosteiformes,Syngnathidae,Syngnathus
Heterobranchus longifilis,,Actinopterygii,Siluriformes,Clariidae,Heterobranchus
Clupea harengus,Osteichthyes,Actinopterygii,Clupeiformes,Clupeidae,Clupea
Liza parsia,Osteichthyes,Actinopterygii,Mugiliformes,Mugilidae,Liza
Liza vaigiensis,Osteichthyes,Actinopterygii,Mugiliformes,Mugilidae,Liza
Silurus glanis,Osteichthyes,Actinopterygii,Siluriformes,Siluridae,Silurus
Gymnocephalus cernuus,Osteichthyes,Actinopterygii,Characiformes,Characidae,Gymnocephalus
Nuria danrica,Osteichthyes,Actinopterygii,Cypriniformes,Cyprinidae,Nuria
Gila elegans,Osteichthyes,Actinopterygii,Cypriniformes,Cyprinidae,Gila
Mystus tengara,Osteichthyes,Actinopterygii,Siluriformes,Bagridae,Mystus
Xyrauchen texanus,Osteichthyes,Actinopterygii,Cypriniformes,Catostomidae,Xyrauchen
Etheostoma rubrum,Osteichthyes,Actinopterygii,Perciformes,Percidae,Etheostoma
Etheostoma lepidum,Osteichthyes,Actinopterygii,Perciformes,Percidae,Etheostoma
Scaphirhynchus platorynchus,,Actinopterygii,Acipenseriformes,Acipenseridae,Scaphirhynchus
Poeciliopsis occidentalis,,Actinopterygii,Cyprinidontiformes,Poeciliidae,Poeciliopsis
Acipenser oxyrhynchus,Osteichthyes,Actinopterygii,Acipenseriformes,Acipenseridae,Acipenser
Acipenser brevirostrum,Osteichthyes,Actinopterygii,Acipenseriformes,Acipenseridae,Acipenser
Etheostoma fonticola,Osteichthyes,Actinopterygii,Perciformes,Percidae,Etheostoma
Oncorhynchus gilae ssp apache,Osteichthyes,Actinopterygii,Salmoniformes,Salmonidae,Oncorhynchus
Oncorhynchus clarkii ssp. stomias,Osteichthyes,Actinopterygii,Salmoniformes,Salmonidae,Oncorhynchus
Oncorhynchus clarkii ssp henshawi,Osteichthyes,Actinopterygii,Salmoniformes,Salmonidae,Oncorhynchus
Erimonax monachus,,Actinopterygii,Cypriniformes,Cyprinidae,Erimonax
Notropis mekistocholas,Osteichthyes,Actinopterygii,Cypriniformes,Cyprinidae,Notropis
Cyprinodon bovinus,Osteichthyes,Actinopterygii,Cyprinodontiformes,Cyprinodontidae,Cyprinodon
Cyprinodon macularius,Osteichthyes,Actinopterygii,Cyprinodontiformes,Cyprinodontidae,Cyprinodon
Barbus stigma,Osteichthyes,Actinopterygii,Cypriniformes,Cyprinidae,Barbus
Salmo trutta ssp. fario,Osteichthyes,Actinopterygii,Salmoniformes,Salmonidae,Salmo
Mystus cavasius,Osteichthyes,Actinopterygii,Siluriformes,Bagridae,Mystus
Leuciscus cephalus,Osteichthyes,Actinopterygii,Cypriniformes,Cyprinidae,Leuciscus
Cyprinus carpio ssp. communis,Osteichthyes,Actinopterygii,Cypriniformes,Cyprinidae,Cyprinus
Limanda limanda,Osteichthyes,Actinopterygii,Pleuronectiformes,Pleuronectidae,Limanda
Mugil curema,Osteichthyes,Actinopterygii,Mugiliformes,Mugilidae,Mugil
Engraulis mordax,Osteichthyes,Actinopterygii,Clupeiformes,Engraulidae,Engraulis
Clupea pallasi,Osteichthyes,Actinopterygii,Clupeiformes,Clupeidae,Clupea
Ictalurus natalis,Osteichthyes,Actinopterygii,Siluriformes,Ictaluridae,Ictalurus
Clarias lazera,Osteichthyes,Actinopterygii,Siluriformes,Clariidae,Clarias
Pimephales notatus,Osteichthyes,Actinopterygii,Cypriniformes,Cyprinidae,Pimephales
Coregonus lavaretus,Osteichthyes,Actinopterygii,Salmoniformes,Salmonidae,Coregonus
Coregonus peled,Osteichthyes,Actinopterygii,Salmoniformes,Salmonidae,Coregonus
Stizostedion lucioperca,Osteichthyes,Actinopterygii,Perciformes,Percidae,Stizostedion
Sander lucioperca,Osteichthyes,Actinopterygii,Perciformes,Percidae,Sander
Oncorhynchus keta,Osteichthyes,Actinopterygii,Salmoniformes,Salmonidae,Oncorhynchus
Notropis hudsonius,Osteichthyes,Actinopterygii,Cypriniformes,Cyprinidae,Notropis
Coregonus clupeaformis,Osteichthyes,Actinopterygii,Salmoniformes,Salmonidae,Coregonus
Brevoortia tyrannus,Osteichthyes,Actinopterygii,Clupeiformes,Clupeidae,Brevoortia
Dicentrarchus labrax,Osteichthyes,Actinopterygii,Perciformes,Moronidae,Dicentrarchus
Rasbora trilineata,Osteichthyes,Actinopterygii,Cypriniformes,Cyprinidae,Rasbora
Barbus sharpeyi,Osteichthyes,Actinopterygii,Cypriniformes,Cyprinidae,Barbus
Esomus danricus,Osteichthyes,Actinopterygii,Cypriniformes,Cyprinidae,Esomus
Notropis anogenus,Osteichthyes,Actinopterygii,Cypriniformes,Cyprinidae,Notropis
Pseudorasbora parva,,Actinopterygii,Cypriniformes,Cyprinidae,Pseudorasbora
Xiphophorus helleri,Osteichthyes,Actinopterygii,Cyprinodontiformes,Poeciliidae,Xiphophorus
Catostomus catostomus,Osteichthyes,Actinopterygii,Cypriniformes,Catostomidae,Catostomus
Amia calva,Osteichthyes,Actinopterygii,Amiiformes,Amiidae,Amia
Ctenopharyngodon idella,Osteichthyes,Actinopterygii,Cypriniformes,Cyprinidae,Ctenopharyngodon
Tilapia sparrmanii,Osteichthyes,Actinopterygii,Perciformes,Cichlidae,Tilapia
Tilapia melanopleura,Osteichthyes,Actinopterygii,Perciformes,Cichlidae,Tilapia
Barbus anoplus,Osteichthyes,Actinopterygii,Cypriniformes,Cyprinidae,Barbus
Barbus natalensis,Osteichthyes,Actinopterygii,Cypriniformes,Cyprinidae,Barbus
Barbus gurneyi,Osteichthyes,Actinopterygii,Cypriniformes,Cyprinidae,Barbus
Poecilia mexicana,Osteichthyes,Actinopterygii,Cyprinodontiformes,Poeciliidae,Poecilia
Paralichthys olivaceus,Osteichthyes,Actinopterygii,Pleuronectiformes,Bothidae,Paralichthys
Cymatogaster aggregata,Osteichthyes,Actinopterygii,Perciformes,Embiotocidae,Cymatogaster
Pleuronectes vetulus,Osteichthyes,Actinopterygii,Pleuronectiformes,Pleuronectidae,Pleuronectes
Parophrys vetulus,Osteichthyes,Actinopterygii,Pleuronectiformes,Pleuronectidae,Parophrys
Cyprinus sp,Osteichthyes,Actinopterygii,Cypriniformes,Cyprinidae,Cyprinus
Alosa sapidissima,Osteichthyes,Actinopterygii,Clupeiformes,Clupeidae,Alosa
Rasbora daniconius neilgeriensis,Osteichthyes,Actinopterygii,Cypriniformes,Cyprinidae,Rasbora
Coregonus muksun,Osteichthyes,Actinopterygii,Salmoniformes,Salmonidae,Coregonus
Salmo trutta ssp lacustris,Osteichthyes,Actinopterygii,Salmoniformes,Salmonidae,Salmo
Odontesthes regia,Osteichthyes,Actinopterygii,Atheriniformes,Atherinopsidae,Odontesthes
Solea solea,Osteichthyes,Actinopterygii,Pleuronectiformes,Soleidae,Solea
Petromyzon marinus,Agnatha,Cephalaspidomorphi,Petromyzontiformes,Petromyzontidae,Petromyzon
Hypostomus plecostomus,,Actinopterygii,Cypriniformes,Catostomidae,Hypostomus
Puntius tetrazona,Osteichthyes,Actinopterygii,Cypriniformes,Cyprinidae,Puntius
Hyphessobrycon herbertaxelrodi,Osteichthyes,Actinopterygii,Characiformes,Characidae,Hyphessobrycon
Salmo clarkii,Osteichthyes,Actinopterygii,Salmoniformes,Salmonidae,Salmo
Oncorhynchus gorbuscha,Osteichthyes,Actinopterygii,Salmoniformes,Salmonidae,Oncorhynchus
Melanotaenia fluviatilis,Osteichthyes,Actinopterygii,Atheriniformes,Melanotaeniidae,Melanotaenia
Cyprinella lutrensis,Osteichthyes,Actinopterygii,Cypriniformes,Cyprinidae,Cyprinella
Fundulus diaphanus,Osteichthyes,Actinopterygii,Cyprinodontiformes,Cyprinodontidae,Fundulus
Morone americana,Osteichthyes,Actinopterygii,Perciformes,Moronidae,Morone
Acipenser fulvescens,Osteichthyes,Actinopterygii,Acipenseriformes,Acipenseridae,Acipenser
Esox masquinongy,Osteichthyes,Actinopterygii,Esociformes,Esocidae,Esox
Rasbora daniconia,Osteichthyes,Actinopterygii,Cypriniformes,Cyprinidae,Rasbora
Oncorhynchus namaycush,Osteichthyes,Actinopterygii,Salmoniformes,Salmonidae,Oncorhynchus
Wallago attu,Osteichthyes,Actinopterygii,Siluriformes,Siluridae,Wallago
Labeo boga,Osteichthyes,Actinopterygii,Cypriniformes,Cyprinidae,Labeo
Rasbora neilgherriensis,Osteichthyes,Actinopterygii,Cypriniformes,Cyprinidae,Rasbora
Bryconamericus iheringii,Osteichthyes,Actinopterygii,Characiformes,Characidae,Bryconamericus
Gobius microps,Osteichthyes,Actinopterygii,Perciformes,Gobiidae,Gobius
Chapalichthys pardalis,Osteichthyes,Actinopterygii,Cyprinodontiformes,Goodeidae,Chapalichthys
Misgurnus fossilis,Osteichthyes,Actinopterygii,Cypriniformes,Cobitidae,Misgurnus
Nothobranchius furzeri,Osteichthyes,Actinopterygii,Cyprinodontiformes,Nothobranchiidae,Nothobranchius
Sciaenops ocellatus,Osteichthyes,Actinopterygii,Perciformes,Sciaenidae,Sciaenops
Lepidocephalichthys guntea,Osteichthyes,Actinopterygii,Cypriniformes,Cobitidae,Lepidocephalichthys
Rhodeus sericeus ssp amarus,,Actinopterygii,Cypriniformes,Cyprinidae,Rhodeus
Terapon jarbua,Osteichthyes,Actinopterygii,Perciformes,Teraponidae,Terapon
Campostoma anomalum,Osteichthyes,Actinopterygii,Cypriniformes,Cyprinidae,Campostoma
Plecoglossus altivelis,,Actinopterygii,Osmerifiormes,Osmeridae,Plecoglossus
Ambassis gymnocephalus,Osteichthyes,Actinopterygii,Perciformes,Centropomidae,Ambassis
Chela atpar,Osteichthyes,Actinopterygii,Cypriniformes,Cyprinidae,Chela
Danio devario,Osteichthyes,Actinopterygii,Cypriniformes,Cyprinidae,Danio
Oryzias melanostigma,Osteichthyes,Actinopterygii,Beloniformes,Adrianichthyidae,Oryzias
Aplocheilus panchax,Osteichthyes,Actinopterygii,Cyprinodontiformes,Cyprinodontidae,Aplocheilus
Bidyanus bidyanus,Osteichthyes,Actinopterygii,Perciformes,Teraponidae,Bidyanus
Pseudopleuronectes yokohamae,Osteichthyes,Actinopterygii,Pleuronectiformes,Pleuronectidae,Pseudopleuronectes
Oncorhynchus nerka,Osteichthyes,Actinopterygii,Salmoniformes,Salmonidae,Oncorhynchus
Menidia sp,,,,,Menidia
Trichogaster trichopterus,Osteichthyes,Actinopterygii,Perciformes,Osphronemidae,Trichogaster
Gymnocorymbus ternetzi,Osteichthyes,Actinopterygii,Characiformes,Characidae,Gymnocorymbus
Jenynsia multidentata,Osteichthyes,Actinopterygii,Cyprinodontiformes,Anablepidae,Jenynsia
Aplocheilichthys johnstonii,Osteichthyes,Actinopterygii,Cyprinodontiformes,Cyprinodontidae,Aplocheilichthys
Schilbe mystus,Osteichthyes,Actinopterygii,Siluriformes,Schilbeidae,Schilbe
Barbus sp,Osteichthyes,Actinopterygii,Cypriniformes,Cyprinidae,Barbus
Scardinius erythrophthalmus,Osteichthyes,Actinopterygii,Cypriniformes,Cyprinidae,Scardinius
Monopterus albus,Osteichthyes,Actinopterygii,Synbranchiformes?,Synbranchidae,Monopterus
Cyprinus carpio ssp. carpio,Osteichthyes,Actinopterygii,Cypriniformes,Cyprinidae,Cyprinus
Hyphessobrycon bifasciatus,Osteichthyes,Actinopterygii,Characiformes,Characidae,Hyphessobrycon
Barbus javanicus,Osteichthyes,Actinopterygii,Cypriniformes,Cyprinidae,Barbus
Macrognathus aculeatus,Osteichthyes,Actinopterygii,Synbranchiformes,Mastacembelidae,Macrognathus
Macquaria ambigua,Osteichthyes,Actinopterygii,Perciformes,Percichthyidae,Macquaria
Melanotaenia duboulayi,Osteichthyes,Actinopterygii,Atheriniformes,Melanotaeniidae,Melanotaenia
Ictalurus nebulosus,Osteichthyes,Actinopterygii,Siluriformes,Ictaluridae,Ictalurus
Ameiurus nebulosus,Osteichthyes,Actinopterygii,Siluriformes,Ictaluridae,Ameiurus
Lepomis sp,Osteichthyes,Actinopterygii,Perciformes,Centrarchidae,Lepomis
Branchiostoma caribaeum,,Cephalochordata,Amphioxiformes,Branchiostomidae,Branchiostoma
Chanodichthys erythropterus,Osteichthyes,Actinopterygii,Cypriniformes,Cyprinidae,Chanodichthys
Mylopharyngodon piceus,Osteichthyes,Actinopterygii,Cypriniformes,Cyprinidae,Mylopharyngodon
Plagiognathops microlepis,Osteichthyes,Actinopterygii,Cypriniformes,Cyprinidae,Plagiognathops
Ictalurus furcatus,Osteichthyes,Actinopterygii,Siluriformes,Ictaluridae,Ictalurus
Barilius vagra,Osteichthyes,Actinopterygii,Cypriniformes,Cyprinidae,Barilius
Umbra pygmaea,Osteichthyes,Actinopterygii,Esociformes,Umbridae,Umbra
Nemacheilus angorae,Osteichthyes,Actinopterygii,Cypriniformes,Balitoridae,Nemacheilus
Barbonymus gonionotus,Osteichthyes,Actinopterygii,Cypriniformes,Cyprinidae,Barbonymus
Trichogaster pectoralis,Osteichthyes,Actinopterygii,Perciformes,Osphronemidae,Trichogaster
Colossoma macropomum,Osteichthyes,Actinopterygii,Characiformes,Characidae,Colossoma
Rasbora daniconius,Osteichthyes,Actinopterygii,Cypriniformes,Cyprinidae,Rasbora
Danio sp,Osteichthyes,Actinopterygii,Cypriniformes,Cyprinidae,Danio
Chasmichthys dolichognathus,Osteichthyes,Actinopterygii,Perciformes,Gobiidae,Chasmichthys
Galaxias auratus,Osteichthyes,Actinopterygii,Osmeriformes,Galaxiidae,Galaxias
Acanthopagrus schlegelii,Osteichthyes,Actinopterygii,Perciformes,Sparidae,Acanthopagrus
Pagrus major,Osteichthyes,Actinopterygii,Perciformes,Sparidae,Pagrus
Girella punctata,Osteichthyes,Actinopterygii,Perciformes,Kyphosidae,Girella
Corydoras paleatus,Osteichthyes,Actinopterygii,Siluriformes,Callichthyidae,Corydoras
Sparus aurata,Osteichthyes,Actinopterygii,Perciformes,Sparidae,Sparus
Lythrurus umbratilis,Osteichthyes,Actinopterygii,Cypriniformes,Cyprinidae,Lythrurus
Ameiurus natalis,Osteichthyes,Actinopterygii,Siluriformes,Ictaluridae,Ameiurus
Luxilus cornutus,Osteichthyes,Actinopterygii,Cypriniformes,Cyprinidae,Luxilus
Cichlasoma bimaculatum,Osteichthyes,Actinopterygii,Perciformes,Cichlidae,Cichlasoma
Chrysiptera cyanea,Osteichthyes,Actinopterygii,Perciformes,Pomacentridae,Chrysiptera
Labeo calbasu,Osteichthyes,Actinopterygii,Cypriniformes,Cyprinidae,Labeo
Labeo bata,Osteichthyes,Actinopterygii,Cypriniformes,Cyprinidae,Labeo
Cynopoecilus melanotaenia,Osteichthyes,Actinopterygii,Cyprinodontiformes,Rivulidae,Cynopoecilus
Poecilia vivipara,Osteichthyes,Actinopterygii,Cyprinodontiformes,Poeciliidae,Poecilia
Cichlasoma nigrofasciatum,Osteichthyes,Actinopterygii,Perciformes,Cichlidae,Cichlasoma
Pagrus auratus,Osteichthyes,Actinopterygii,Perciformes,Sparidae,Pagrus
Rhamdia quelen,Osteichthyes,Actinopterygii,Siluriformes,Heptapteridae,Rhamdia
Betta splendens,Osteichthyes,Actinopterygii,Perciformes,Anabantidae,Betta
Barbus arulius,Osteichthyes,Actinopterygii,Cypriniformes,Cyprinidae,Barbus
Etroplus maculatus,Osteichthyes,Actinopterygii,Perciformes,Cichlidae,Etroplus
Huso huso,Osteichthyes,Actinopterygii,Acipenseriformes,Acipenseridae,Huso
Xiphophorus maculatus,Osteichthyes,Actinopterygii,Cyprinodontiformes,Poeciliidae,Xiphophorus
Pogonichthys macrolepidotus,,Actinopterygii,Cypriniformes,Cyprinidae,Pogonichthys
Rutilus kutum,Osteichthyes,Actinopterygii,Cypriniformes,Cyprinidae,Rutilus
Scophthalmus maximus,Osteichthyes,Actinopterygii,Pleuronectiformes,Scophthalmidae,Scophthalmus
Danio malabaricus,Osteichthyes,Actinopterygii,Cypriniformes,Cyprinidae,Danio
Clarias macrocephalus,Osteichthyes,Actinopterygii,Siluriformes,Clariidae,Clarias
Odontesthes bonariensis,Osteichthyes,Actinopterygii,Atheriniformes,Atherinopsidae,Odontesthes
Leuresthes tenuis,Osteichthyes,Actinopterygii,Atheriniformes,Atherinidae,Leuresthes
Menidia peninsulae,Osteichthyes,Actinopterygii,Atheriniformes,Atherinidae,Menidia
Opsanus beta,Osteichthyes,Actinopterygii,Batrachoidiformes,Batrachoididae,Opsanus
Lates calcarifer,Osteichthyes,Actinopterygii,Perciformes,Centrarchidae,Lates
Gambusia yucatana,Osteichthyes,Actinopterygii,Cyprinodontiformes,Poeciliidae,Gambusia
Oryzias sinensis,Osteichthyes,Actinopterygii,Beloniformes,Adrianichthyidae,Oryzias
Melanotaenia splendida ssp inornata,Osteichthyes,Actinopterygii,Atheriniformes,Melanotaeniidae,Melanotaenia
Mogurnda mogurnda,Osteichthyes,Actinopterygii,Perciformes,Eleotridae,Mogurnda
Ambassis macleayi,Osteichthyes,Actinopterygii,Perciformes,Ambassidae,Ambassis
Craterocephalus marianae,Osteichthyes,Actinopterygii,Atheriniformes,Atherinidae,Craterocephalus
Melanotaenia nigrans,Osteichthyes,Actinopterygii,Atheriniformes,Melanotaeniidae,Melanotaenia
Pseudomugil tenellus,Osteichthyes,Actinopterygii,Atheriniformes,Pseudomugilidae,Pseudomugil
Coregonus hoyi,Osteichthyes,Actinopterygii,Salmoniformes,Salmonidae,Coregonus
Chelon labrosus,Osteichthyes,Actinopterygii,Mugiliformes,Mugilidae,Chelon
Atheriniformes,Osteichthyes,Actinopterygii,Atheriniformes,,Atheriniformes
Craterocephalus marjoriae,Osteichthyes,Actinopterygii,Atheriniformes,Atherinidae,Craterocephalus
Pylodictis olivaris,Osteichthyes,Actinopterygii,Siluriformes,Ictaluridae,Pylodictis
Polyodon spathula,Osteichthyes,Actinopterygii,Acipenseriformes,Polyodontidae,Polyodon
Pomoxis annularis,Osteichthyes,Actinopterygii,Perciformes,Centrarchidae,Pomoxis
Ictiobus cyprinellus,Osteichthyes,Actinopterygii,Cypriniformes,Catostomidae,Ictiobus
Herotilapia multispinosa,Osteichthyes,Actinopterygii,Perciformes,Cichlidae,Herotilapia
Platygobio gracilis,Osteichthyes,Actinopterygii,Cypriniformes,Cyprinidae,Platygobio
Parapristipoma trilineatum,Osteichthyes,Actinopterygii,Perciformes,Haemulidae,Parapristipoma
Sebastes schlegeli,Osteichthyes,Actinopterygii,Scorpaeniformes,Scorpaenidae,Sebastes
Seriola quinqueradiata,Osteichthyes,Actinopterygii,Perciformes,Carangidae,Seriola
Salvelinus confluentus,Osteichthyes,Actinopterygii,Salmoniformes,Salmonidae,Salvelinus
Galaxias maculatus,Osteichthyes,Actinopterygii,Osmeriformes,Galaxiidae,Galaxias
Galaxias truttaceus,Osteichthyes,Actinopterygii,Osmeriformes,Galaxiidae,Galaxias
Tilapia hornorum,Osteichthyes,Actinopterygii,Perciformes,Cichlidae,Tilapia
Apareiodon affinis,Osteichthyes,Actinopterygii,Characiformes,Characidae,Apareiodon
Bryconamericus boops,Osteichthyes,Actinopterygii,Characiformes,Characidae,Bryconamericus
Cnesterodon decemmaculatus,Osteichthyes,Actinopterygii,Cyprinodontiformes,Poeciliidae,Cnesterodon
Plecostomus commersoni,Osteichthyes,Actinopterygii,Siluriformes,Pimelodidae,Plecostomus
Coregonus fera,Osteichthyes,Actinopterygii,Salmoniformes,Salmonidae,Coregonus
Acipenser transmontanus,Osteichthyes,Actinopterygii,Acipenseriformes,Acipenseridae,Acipenser
Fundulus grandis,Osteichthyes,Actinopterygii,Cyprinodontiformes,Cyprinodontidae,Fundulus
Tandanus tandanus,Osteichthyes,Actinopterygii,Siluriformes,Bagridae,Tandanus
Pungitius pungitius,Osteichthyes,Actinopterygii,Gasterosteiformes,Gasterosteidae,Pungitius
Pleuronectes americanus,Osteichthyes,Actinopterygii,Pleuronectiformes,Pleuronectidae,Pleuronectes
Ambassis ranga,Osteichthyes,Actinopterygii,Perciformes,Centropomidae,Ambassis
Sarotherodon galilaeus,Osteichthyes,Actinopterygii,Perciformes,Cichlidae,Sarotherodon
Mugil carinatus,Osteichthyes,Actinopterygii,Mugiliformes,Mugilidae,Mugil
Rhamdia sapo,Osteichthyes,Actinopterygii,Siluriformes,Heptapteridae,Rhamdia
Stenotomus chrysops,Osteichthyes,Actinopterygii,Perciformes,Sparidae,Stenotomus
Ambloplites rupestris,Osteichthyes,Actinopterygii,Perciformes,Centrarchidae,Ambloplites
Mugil sp,Osteichthyes,Actinopterygii,Mugiliformes,Mugilidae,Mugil
Chrysophrys major,Osteichthyes,Actinopterygii,Perciformes,Sparidae,Chrysophrys
Garra mullya,Osteichthyes,Actinopterygii,Cypriniformes,Cyprinidae,Garra
Cottus bairdi,Osteichthyes,Actinopterygii,Scorpaeniformes,Cottidae,Cottus
Cichlasoma managuense,Osteichthyes,Actinopterygii,Perciformes,Cichlidae,Cichlasoma
Cynoglossus joyneri,Osteichthyes,Actinopterygii,Pleuronectiformes,Soleidae,Cynoglossus
Acrocheilus alutaceus,Osteichthyes,Actinopterygii,Cypriniformes,Cyprinidae,Acrocheilus
Scorpaenichthys marmoratus,Osteichthyes,Actinopterygii,Scorpaeniformes,Cottidae,Scorpaenichthys
Arius felis,Osteichthyes,Actinopterygii,Siluriformes,Ariidae,Arius
Archosargus probatocephalus,Osteichthyes,Actinopterygii,Perciformes,Sparidae,Archosargus
Micropogonias undulatus,Osteichthyes,Actinopterygii,Perciformes,Sciaenidae,Micropogonias
Thymallus arcticus,Osteichthyes,Actinopterygii,Salmoniformes,Salmonidae,Thymallus
Channa marulius,Osteichthyes,Actinopterygii,Perciformes,Channidae,Channa
Boleophthalmus dentatus,,Actinopterygii,Perciformes,Gobiidae,Boleophthalmus
Oplegnathus fasciatus,Osteichthyes,Actinopterygii,Perciformes,Oplegnathidae,Oplegnathus
Catostomus latipinnis,Osteichthyes,Actinopterygii,Cypriniformes,Catostomidae,Catostomus
Notropis topeka,Osteichthyes,Actinopterygii,Cypriniformes,Cyprinidae,Notropis
Hybognathus amarus,Osteichthyes,Actinopterygii,Cypriniformes,Cyprinidae,Hybognathus
Centropristis striata,Osteichthyes,Actinopterygii,Perciformes,Serranidae,Centropristis
Pomacentrus leucostictus,Osteichthyes,Actinopterygii,Perciformes,Pomacentridae,Pomacentrus
Monacanthus hispidus,Osteichthyes,Actinopterygii,Tetraodontiformes,Tetraodontidae,Monacanthus
Raja eglanteria,,Chondrichthyes,Rajiformes,Rajidae,Raja
Micropterus treculii,Osteichthyes,Actinopterygii,Perciformes,Centrarchidae,Micropterus
Diplodus sargus,Osteichthyes,Actinopterygii,Perciformes,Sparidae,Diplodus
Heteromycteris capensis,Osteichthyes,Actinopterygii,Pleuronectiformes,Soleidae,Heteromycteris
Lithognathus mormyrus,Osteichthyes,Actinopterygii,Perciformes,Sparidae,Lithognathus
Paralichthys orbignyanus,Osteichthyes,Actinopterygii,Pleuronectiformes,Bothidae,Paralichthys
Morone sp,Osteichthyes,Actinopterygii,Perciformes,Moronidae,Morone
Gaidropsarus capensis,Osteichthyes,Actinopterygii,Gadiformes,Lotidae,Gaidropsarus
Synaptura kleini,Osteichthyes,Actinopterygii,Pleuronectiformes,Soleidae,Synaptura
Aldrichetta forsteri,Osteichthyes,Actinopterygii,Mugiliformes,Mugilidae,Aldrichetta
Etheostoma spectabile,Osteichthyes,Actinopterygii,Perciformes,Percidae,Etheostoma
Acipenser baerii,Osteichthyes,Actinopterygii,Acipenseriformes,Acipenseridae,Acipenser
Acipenser sinensis,Osteichthyes,Actinopterygii,Acipenseriformes,Acipenseridae,Acipenser
Rhinichthys osculus,Osteichthyes,Actinopterygii,Cypriniformes,Cyprinidae,Rhinichthys
Richardsonius balteatus,Osteichthyes,Actinopterygii,Cypriniformes,Cyprinidae,Richardsonius
Ammodytes hexapterus,Osteichthyes,Actinopterygii,Perciformes,Ammodytidae,Ammodytes
Gadus morhua,Osteichthyes,Actinopterygii,Gadiformes,Gadidae,Gadus
Craterocephalus stercusmuscar,Osteichthyes,Actinopterygii,Atheriniformes,Atherinidae,Craterocephalus
Prosopium williamsoni,Osteichthyes,Actinopterygii,Salmoniformes,Salmonidae,Prosopium
Rhinichthys cataractae,Osteichthyes,Actinopterygii,Cypriniformes,Cyprinidae,Rhinichthys
Cichlasoma facetum,Osteichthyes,Actinopterygii,Perciformes,Cichlidae,Cichlasoma
Acrossocheilus paradoxus,Osteichthyes,Actinopterygii,Cypriniformes,Cyprinidae,Acrossocheilus
Scyliorhinus canicula,,Chondrichthyes,Carcharhiniformes,Scyliorhinidae,Scyliorhinus
Astyanax bimaculatus,Osteichthyes,Actinopterygii,Characiformes,Characidae,Astyanax
Leporinus obtusidens,Osteichthyes,Actinopterygii,Characiformes,Anostomidae,Leporinus
Noemacheilus montanus,Osteichthyes,Actinopterygii,Cypriniformes,Balitoridae,Noemacheilus
Agosia chrysogaster,Osteichthyes,Actinopterygii,Cypriniformes,Cyprinidae,Agosia
Clarias submarginatus,Osteichthyes,Actinopterygii,Siluriformes,Clariidae,Clarias
Ambassis sp,Osteichthyes,Actinopterygii,Perciformes,Centropomidae,Ambassis
Noemacheilus barbatulus,Osteichthyes,Actinopterygii,Perciformes,Gobiidae,Noemacheilus
Leuciscus leuciscus,Osteichthyes,Actinopterygii,Cypriniformes,Cyprinidae,Leuciscus
Amniataba percoides,Osteichthyes,Actinopterygii,Perciformes,Terapontidae,Amniataba
Morone saxatilis ssp. x chrysops,Osteichthyes,Actinopterygii,Perciformes,Moronidae,Morone
Prochilodus scrofa,Osteichthyes,Actinopterygii,Characiformes,Curimatidae,Prochilodus
Clarias anguillaris,Osteichthyes,Actinopterygii,Siluriformes,Clariidae,Clarias
Semotilus atromaculatus,Osteichthyes,Actinopterygii,Cypriniformes,Cyprinidae,Semotilus
Rhinichthys atratulus,Osteichthyes,Actinopterygii,Cypriniformes,Cyprinidae,Rhinichthys
Luxilus chrysocephalus,Osteichthyes,Actinopterygii,Cypriniformes,Cyprinidae,Luxilus
Etheostoma nigrum,Osteichthyes,Actinopterygii,Perciformes,Percidae,Etheostoma
Mystus bleekeri,Osteichthyes,Actinopterygii,Siluriformes,Bagridae,Mystus
Peprilus triacanthus,,Actinopterygii,Perciformes,Stromate,Peprilus
Caquetaia kraussii,,Actinopterygii,Perciformes,Cichlidae,Caquetaia
Etheostoma flabellare,Osteichthyes,Actinopterygii,Perciformes,Percidae,Etheostoma
Tilapia guineensis,Osteichthyes,Actinopterygii,Perciformes,Cichlidae,Tilapia
Melanotaenia splendida ssp splendida,Osteichthyes,Actinopterygii,Atheriniformes,Melanotaeniidae,Melanotaenia
Coregonus albula,Osteichthyes,Actinopterygii,Salmoniformes,Salmonidae,Coregonus
Notropis buccatus,Osteichthyes,Actinopterygii,Cypriniformes,Cyprinidae,Notropis
Notropis stramineus,Osteichthyes,Actinopterygii,Cypriniformes,Cyprinidae,Notropis
Osmerus mordax,Osteichthyes,Actinopterygii,Osmeriformes,Osmeridae,Osmerus
Gobiosoma bosc,Osteichthyes,Actinopterygii,Perciformes,Gobiidae,Gobiosoma
Barbus sarana,Osteichthyes,Actinopterygii,Cypriniformes,Cyprinidae,Barbus
Nemacheilus botia,Osteichthyes,Actinopterygii,Cypriniformes,Balitoridae,Nemacheilus
Leiopotherapon unicolor,Osteichthyes,Actinopterygii,Perciformes,Terapontidae,Leiopotherapon
Neosilurus sp,Osteichthyes,Actinopterygii,Siluriformes,Plotosidae,Neosilurus
Pangasius hypophthalmus,Osteichthyes,Actinopterygii,Siluriformes,Pangasiidae,Pangasius
Mugil auratus,Osteichthyes,Actinopterygii,Mugiliformes,Mugilidae,Mugil
Scorpaena guttata,Osteichthyes,Actinopterygii,Scorpaeniformes,Scorpaenidae,Scorpaena
Cyprinodon dearborni,Osteichthyes,Actinopterygii,Cyprinodontiformes,Cyprinodontidae,Cyprinodon
Tautogolabrus adspersus,Osteichthyes,Actinopterygii,Perciformes,Labridae,Tautogolabrus
Opsariichthys uncirostris,Osteichthyes,Actinopterygii,Cypriniformes,Cyprinidae,Opsariichthys
Noemacheilus denisonii,Osteichthyes,Actinopterygii,Cypriniformes,Balitoridae,Noemacheilus
Mugilidae,Osteichthyes,Actinopterygii,Mugiliformes,Mugilidae,Mugilidae
Enneacanthus gloriosus,,Actinopterygii,Perciformes,Centrarchidae,Enneacanthus
Rita rita,Osteichthyes,Actinopterygii,Siluriformes,Bagridae,Rita
Opsopoeodus emiliae,Osteichthyes,Actinopterygii,Cypriniformes,Cyprinidae,Opsopoeodus
Acipenser stellatus,Osteichthyes,Actinopterygii,Acipenseriformes,Acipenseridae,Acipenser
Acipenser persicus,Osteichthyes,Actinopterygii,Acipenseriformes,Acipenseridae,Acipenser
Perccottus glenii,Osteichthyes,Actinopterygii,Perciformes,Odontobutidae,Perccottus
Barbus macrops,Osteichthyes,Actinopterygii,Cypriniformes,Cyprinidae,Barbus
Gephyroglanis velifer,Osteichthyes,Actinopterygii,Siluriformes,Bagridae,Gephyroglanis
Piaractus mesopotamicus,Osteichthyes,Actinopterygii,Characiformes,Characidae,Piaractus
Aphyosemion gardneri,Osteichthyes,Actinopterygii,Cyprinodontiformes,Cyprinodontidae,Aphyosemion
Pseudaphritis urvillii,Osteichthyes,Actinopterygii,Perciformes,Nototheniidae,Pseudaphritis
Micropterus sp,Osteichthyes,Actinopterygii,Perciformes,Centrarchidae,Micropterus
Pollimyrus isidori,Osteichthyes,Actinopterygii,Osteoglossiformes,Mormyridae,Pollimyrus
Acipenser gueldenstaedtii,Osteichthyes,Actinopterygii,Acipenseriformes,Acipenseridae,Acipenser
Neogobius melanostomus,Osteichthyes,Actinopterygii,Perciformes,Gobiidae,Neogobius
Rutilus caspicus,Osteichthyes,Actinopterygii,Cypriniformes,Cyprinidae,Rutilus
Chrysichthys nigrodigitatus,Osteichthyes,Actinopterygii,Siluriformes,Bagridae,Chrysichthys
